{
  "model_name": "llama-3.1-8b-instruct",
  "decodability_by_layer": {
    "0": 0.26693,
    "1": 0.26651,
    "2": 0.2728,
    "3": 0.27181,
    "4": 0.24672,
    "5": 0.24063,
    "6": 0.21445,
    "7": 0.18197,
    "8": 0.15324,
    "9": 0.08838,
    "10": 0.0756,
    "11": 0.06296,
    "12": 0.04043,
    "13": 0.02516,
    "14": 0.01438,
    "15": 0.00533,
    "16": 0.00147,
    "17": 0.00055,
    "18": 0.00051,
    "19": 0.00047,
    "20": 0.00044,
    "21": 0.00035,
    "22": 0.00036,
    "23": 0.00034,
    "24": 0.00031,
    "25": 0.00026,
    "26": 0.00025,
    "27": 0.00022,
    "28": 0.00021,
    "29": 0.00019,
    "30": 0.00018,
    "31": 0.00018
  },
  "localised_layers": [
    0,
    1,
    2,
    3,
    4,
    5,
    6,
    7
  ],
  "chosen_pctile": 75.0,
  "utility_cost": -0.02,
  "decodability_before": 0.24523,
  "decodability_after": 0.24176,
  "decodability_drop": 0.0141,
  "protect_massive": true,
  "massive_k": 8
}