{
  "model_name": "gemma-2-2b-it",
  "decodability_by_layer": {
    "0": 0.52865,
    "1": 0.53728,
    "2": 0.55513,
    "3": 0.54496,
    "4": 0.48012,
    "5": 0.38504,
    "6": 0.36474,
    "7": 0.28681,
    "8": 0.27721,
    "9": 0.24173,
    "10": 0.15722,
    "11": 0.09544,
    "12": 0.04253,
    "13": 0.00072,
    "14": 0.00026,
    "15": 0.0002,
    "16": 0.0002,
    "17": 0.00018,
    "18": 0.00016,
    "19": 0.00014,
    "20": 0.00012,
    "21": 0.00013,
    "22": 0.00012,
    "23": 0.00014,
    "24": 0.00016,
    "25": 0.00015
  },
  "localised_layers": [
    0,
    1,
    2,
    3,
    4,
    5,
    6
  ],
  "chosen_pctile": 75.0,
  "utility_cost": 0.02,
  "decodability_before": 0.48513,
  "decodability_after": 0.47953,
  "decodability_drop": 0.0115,
  "protect_massive": true,
  "massive_k": 8
}