{
  "model_name": "phi-4-mini-instruct",
  "decodability_by_layer": {
    "0": 0.21442,
    "1": 0.21417,
    "2": 0.21423,
    "3": 0.21748,
    "4": 0.18142,
    "5": 0.16129,
    "6": 0.08939,
    "7": 0.06794,
    "8": 0.05176,
    "9": 0.04023,
    "10": 0.0247,
    "11": 0.01824,
    "12": 0.01165,
    "13": 0.00731,
    "14": 0.00579,
    "15": 0.00455,
    "16": 0.00247,
    "17": 0.00212,
    "18": 0.00156,
    "19": 0.0012,
    "20": 0.00096,
    "21": 0.00065,
    "22": 0.00049,
    "23": 0.00045,
    "24": 0.00042,
    "25": 0.00037,
    "26": 0.00032,
    "27": 0.00033,
    "28": 0.00032,
    "29": 0.00034,
    "30": 0.00035,
    "31": 0.00035
  },
  "localised_layers": [
    0,
    1,
    2,
    3,
    4,
    5,
    6,
    7
  ],
  "chosen_pctile": 75.0,
  "utility_cost": -0.005,
  "decodability_before": 0.17004,
  "decodability_after": 0.17427,
  "decodability_drop": -0.0248,
  "protect_massive": true,
  "massive_k": 8
}