{
  "model_name": "qwen2.5-7b-instruct",
  "decodability_by_layer": {
    "0": 0.34919,
    "1": 0.35657,
    "2": 0.34846,
    "3": 0.32713,
    "4": 0.32507,
    "5": 0.3361,
    "6": 0.31606,
    "7": 0.30788,
    "8": 0.31148,
    "9": 0.30906,
    "10": 0.28265,
    "11": 0.27698,
    "12": 0.24476,
    "13": 0.14749,
    "14": 0.14515,
    "15": 0.10614,
    "16": 0.07552,
    "17": 0.04694,
    "18": 0.01862,
    "19": 0.00185,
    "20": 0.00031,
    "21": 0.00011,
    "22": 8e-05,
    "23": 7e-05,
    "24": 6e-05,
    "25": 5e-05,
    "26": 4e-05,
    "27": 4e-05
  },
  "localised_layers": [
    0,
    1,
    2,
    3,
    4,
    5,
    6
  ],
  "chosen_pctile": 75.0,
  "utility_cost": -0.02,
  "decodability_before": 0.33694,
  "decodability_after": 0.33404,
  "decodability_drop": 0.0086,
  "protect_massive": true,
  "massive_k": 8
}